<ImportExportXml version="9.2.21123.167" SolutionPackageVersion="9.2" languagecode="1033" generatedBy="CrmLive" xmlns:xsi="http://www.w3.org/2001/XMLSchema-instance">
  <SolutionManifest>
    <UniqueName>TemplateGenerator</UniqueName>
    <LocalizedNames>
      <LocalizedName description="TemplateGenerator" languagecode="1033" />
    </LocalizedNames>
    <Descriptions />
    <Version>1.0.0.1</Version>
    <Managed>1</Managed>
    <Publisher>
      <UniqueName>MiraGhaly</UniqueName>
      <LocalizedNames>
        <LocalizedName description="MiraGhaly" languagecode="1033" />
      </LocalizedNames>
      <Descriptions />
      <EMailAddress xsi:nil="true"></EMailAddress>
      <SupportingWebsiteUrl xsi:nil="true"></SupportingWebsiteUrl>
      <CustomizationPrefix>tg</CustomizationPrefix>
      <CustomizationOptionValuePrefix>10000</CustomizationOptionValuePrefix>
      <Addresses>
        <Address>
          <AddressNumber>1</AddressNumber>
          <AddressTypeCode>1</AddressTypeCode>
          <City xsi:nil="true"></City>
          <County xsi:nil="true"></County>
          <Country xsi:nil="true"></Country>
          <Fax xsi:nil="true"></Fax>
          <FreightTermsCode xsi:nil="true"></FreightTermsCode>
          <ImportSequenceNumber xsi:nil="true"></ImportSequenceNumber>
          <Latitude xsi:nil="true"></Latitude>
          <Line1 xsi:nil="true"></Line1>
          <Line2 xsi:nil="true"></Line2>
          <Line3 xsi:nil="true"></Line3>
          <Longitude xsi:nil="true"></Longitude>
          <Name xsi:nil="true"></Name>
          <PostalCode xsi:nil="true"></PostalCode>
          <PostOfficeBox xsi:nil="true"></PostOfficeBox>
          <PrimaryContactName xsi:nil="true"></PrimaryContactName>
          <ShippingMethodCode>1</ShippingMethodCode>
          <StateOrProvince xsi:nil="true"></StateOrProvince>
          <Telephone1 xsi:nil="true"></Telephone1>
          <Telephone2 xsi:nil="true"></Telephone2>
          <Telephone3 xsi:nil="true"></Telephone3>
          <TimeZoneRuleVersionNumber xsi:nil="true"></TimeZoneRuleVersionNumber>
          <UPSZone xsi:nil="true"></UPSZone>
          <UTCOffset xsi:nil="true"></UTCOffset>
          <UTCConversionTimeZoneCode xsi:nil="true"></UTCConversionTimeZoneCode>
        </Address>
        <Address>
          <AddressNumber>2</AddressNumber>
          <AddressTypeCode>1</AddressTypeCode>
          <City xsi:nil="true"></City>
          <County xsi:nil="true"></County>
          <Country xsi:nil="true"></Country>
          <Fax xsi:nil="true"></Fax>
          <FreightTermsCode xsi:nil="true"></FreightTermsCode>
          <ImportSequenceNumber xsi:nil="true"></ImportSequenceNumber>
          <Latitude xsi:nil="true"></Latitude>
          <Line1 xsi:nil="true"></Line1>
          <Line2 xsi:nil="true"></Line2>
          <Line3 xsi:nil="true"></Line3>
          <Longitude xsi:nil="true"></Longitude>
          <Name xsi:nil="true"></Name>
          <PostalCode xsi:nil="true"></PostalCode>
          <PostOfficeBox xsi:nil="true"></PostOfficeBox>
          <PrimaryContactName xsi:nil="true"></PrimaryContactName>
          <ShippingMethodCode>1</ShippingMethodCode>
          <StateOrProvince xsi:nil="true"></StateOrProvince>
          <Telephone1 xsi:nil="true"></Telephone1>
          <Telephone2 xsi:nil="true"></Telephone2>
          <Telephone3 xsi:nil="true"></Telephone3>
          <TimeZoneRuleVersionNumber xsi:nil="true"></TimeZoneRuleVersionNumber>
          <UPSZone xsi:nil="true"></UPSZone>
          <UTCOffset xsi:nil="true"></UTCOffset>
          <UTCConversionTimeZoneCode xsi:nil="true"></UTCConversionTimeZoneCode>
        </Address>
      </Addresses>
    </Publisher>
    <RootComponents>
      <RootComponent type="1" schemaName="account" behavior="2" />
      <RootComponent type="1" schemaName="email" behavior="2" />
      <RootComponent type="1" schemaName="tg_emailtemplates" behavior="0" />
      <RootComponent type="61" schemaName="tg_InsertTemplateJS" behavior="0" />
      <RootComponent type="62" schemaName="cr2d2_TemplateGenerator" behavior="0" />
      <RootComponent type="80" schemaName="cr2d2_TemplateGenerator" behavior="0" />
      <RootComponent type="300" schemaName="cr2d2_inserttemplate_8315a" behavior="0" />
      <RootComponent type="300" schemaName="cr2d2_templategeneratordefaultcommandlibrary_86725" behavior="0" />
      <RootComponent type="300" schemaName="tg_testrichcontrol_167e9" behavior="0" />
    </RootComponents>
    <MissingDependencies>
      <MissingDependency>
        <Required type="10" schemaName="cr2d2_account_cr2d2_Country_cr2d2_country" displayName="cr2d2_account_cr2d2_Country_cr2d2_country" parentSchemaName="cr2d2_country" parentDisplayName="Country" solution="Active" />
        <Dependent type="60" displayName="Account" parentDisplayName="Account" id="{ee17cbb7-54fe-eb11-94ef-002248151688}" />
      </MissingDependency>
      <MissingDependency>
        <Required type="10" schemaName="cr2d2_account_cr2d2_State_cr2d2_state" displayName="cr2d2_account_cr2d2_State_cr2d2_state" parentSchemaName="cr2d2_state" parentDisplayName="State" solution="Active" />
        <Dependent type="60" displayName="Account" parentDisplayName="Account" id="{ee17cbb7-54fe-eb11-94ef-002248151688}" />
      </MissingDependency>
      <MissingDependency>
        <Required type="2" schemaName="cr2d2_country" displayName="Country" parentSchemaName="account" parentDisplayName="Account" solution="Active" />
        <Dependent type="60" displayName="Account" parentDisplayName="Account" id="{ee17cbb7-54fe-eb11-94ef-002248151688}" />
      </MissingDependency>
      <MissingDependency>
        <Required type="2" schemaName="cr2d2_modifiedontimezoneindependent" displayName="Modified On TimeZone Independent" parentSchemaName="account" parentDisplayName="Account" solution="Active" />
        <Dependent type="60" displayName="Account" parentDisplayName="Account" id="{ee17cbb7-54fe-eb11-94ef-002248151688}" />
      </MissingDependency>
      <MissingDependency>
        <Required type="2" schemaName="cr2d2_state" displayName="State" parentSchemaName="account" parentDisplayName="Account" solution="Active" />
        <Dependent type="60" displayName="Account" parentDisplayName="Account" id="{ee17cbb7-54fe-eb11-94ef-002248151688}" />
      </MissingDependency>
      <MissingDependency>
        <Required type="60" displayName="Email" parentDisplayName="Email" solution="msdynce_Activities (9.0.1.2033)" id="{0d1e47ff-12b2-4f53-9090-bee951b98cb4}" />
        <Dependent type="60" displayName="Email" parentDisplayName="Email" id="{0d1e47ff-12b2-4f53-9090-bee951b98cb4}" />
      </MissingDependency>
      <MissingDependency>
        <Required type="60" displayName="account contact card" parentDisplayName="Contact" solution="msdynce_AppCommon (9.0.4.0066)" id="{29de27bc-a257-4f29-99cf-bab4a84e688f}">
          <package>msdynce_AppCommonAnchor (9.0.21122.10002)</package>
        </Required>
        <Dependent type="60" displayName="Account" parentDisplayName="Account" id="{ee17cbb7-54fe-eb11-94ef-002248151688}" />
      </MissingDependency>
      <MissingDependency>
        <Required type="61" schemaName="msdyn_/Images/AppModule_Default_Icon.png" displayName="msdyn_/Images/AppModule_Default_Icon.png" solution="AppModuleWebResources (2.5)" />
        <Dependent type="80" schemaName="cr2d2_TemplateGenerator" displayName="Template Generator" />
      </MissingDependency>
      <MissingDependency>
        <Required type="66" schemaName="MscrmControls.Canvas.CanvasControl" displayName="MscrmControls.Canvas.CanvasControl" solution="BaseCustomControlsCore (9.0.2112.3015)" />
        <Dependent type="60" displayName="Account" parentDisplayName="Account" id="{ee17cbb7-54fe-eb11-94ef-002248151688}" />
      </MissingDependency>
      <MissingDependency>
        <Required type="66" schemaName="MscrmControls.CardFeedContainer.CardFeedContainer" displayName="MscrmControls.CardFeedContainer.CardFeedContainer" solution="BaseCustomControlsCore (9.0.2112.3015)" />
        <Dependent type="60" displayName="Account" parentDisplayName="Account" id="{ee17cbb7-54fe-eb11-94ef-002248151688}" />
      </MissingDependency>
      <MissingDependency>
        <Required type="66" schemaName="MscrmControls.RichTextEditor.RichTextEditorControl" displayName="MscrmControls.RichTextEditor.RichTextEditorControl" solution="msdyn_RichTextEditor (1.0.0.1444)" />
        <Dependent type="60" displayName="Email" parentDisplayName="Email" id="{0d1e47ff-12b2-4f53-9090-bee951b98cb4}" />
      </MissingDependency>
    </MissingDependencies>
  </SolutionManifest>
</ImportExportXml>